num_state,steady_state,lambda2,U,Sigma,U_inv,A,A_entropy,num_observation,B,B_entropy,pi_0,llm_emission_acc,llm_emission_prob,llm_emission_reverse_kl,llm_emission_forward_kl,llm_emission_hellinger_distance
2,"[0.5000000000000001, 0.4999999999999999]",0.99,"[[1.0, 0.5196919441223145], [1.0, -0.5196923613548279]]","[[1.0, 0.0], [0.0, 0.9900000095367432]]","[[0.5, 0.5], [0.9621081352233887, -0.9621080160140991]]","[[0.9949997666478296, 0.005000233352170386], [0.0049997571110580626, 0.995000242888942]]",0.04541465640068054,2,"[[1.0, 0.0], [0.0, 1.0]]",0,"[1.0, 0.0]","[0.990234375, 0.988525390625, 0.985595703125, 0.990234375, 0.991943359375, 0.994140625, 0.991455078125, 0.9912109375, 0.99267578125, 0.99462890625]","[0.8171732425689697, 0.8142368793487549, 0.8202893733978271, 0.8338006138801575, 0.8566515445709229, 0.8918148279190063, 0.9367700219154358, 0.9713742136955261, 0.9842146635055542, 0.9872079491615295]","[inf, inf, inf, inf, inf, inf, inf, inf, inf, inf]","[nan, nan, nan, nan, nan, nan, nan, nan, nan, nan]","[0.3086621165275574, 0.31079190969467163, 0.3050096333026886, 0.289201021194458, 0.25850653648376465, 0.2039172649383545, 0.12281129509210587, 0.0654643103480339, 0.055888090282678604, 0.053808994591236115]"
2,"[0.5000000000000001, 0.4999999999999999]",0.99,"[[1.0, 0.5196919441223145], [1.0, -0.5196923613548279]]","[[1.0, 0.0], [0.0, 0.9900000095367432]]","[[0.5, 0.5], [0.9621081352233887, -0.9621080160140991]]","[[0.9949997666478296, 0.005000233352170386], [0.0049997571110580626, 0.995000242888942]]",0.04541465640068054,2,"[[0.9583073097263419, 0.04169269027365807], [0.04169269027365807, 0.9583073097263419]]",0.25,"[1.0, 0.0]","[0.911865234375, 0.912109375, 0.918212890625, 0.92529296875, 0.935302734375, 0.9345703125, 0.931884765625, 0.929931640625, 0.93115234375, 0.941650390625]","[0.7542753219604492, 0.770871639251709, 0.8013156652450562, 0.8430340886116028, 0.8720892071723938, 0.870187520980835, 0.8621845245361328, 0.8540836572647095, 0.8467422127723694, 0.8529261350631714]","[0.25690412521362305, 0.21758884191513062, 0.17496049404144287, 0.13062217831611633, 0.10077261179685593, 0.10508281737565994, 0.10768479108810425, 0.10625696927309036, 0.10900919139385223, 0.10159660875797272]","[0.15669885277748108, 0.1323479861021042, 0.11048011481761932, 0.08820908516645432, 0.07495196163654327, 0.0790887326002121, 0.07776978611946106, 0.07419892400503159, 0.07469463348388672, 0.06853318959474564]","[0.19298522174358368, 0.17644798755645752, 0.14794039726257324, 0.110552117228508, 0.09251236915588379, 0.09231633692979813, 0.09078817814588547, 0.09153784811496735, 0.09681831300258636, 0.0954369381070137]"
2,"[0.5000000000000001, 0.4999999999999999]",0.99,"[[1.0, 0.5196919441223145], [1.0, -0.5196923613548279]]","[[1.0, 0.0], [0.0, 0.9900000095367432]]","[[0.5, 0.5], [0.9621081352233887, -0.9621080160140991]]","[[0.9949997666478296, 0.005000233352170386], [0.0049997571110580626, 0.995000242888942]]",0.04541465640068054,2,"[[0.8899721355616947, 0.11002786443830526], [0.11002786443830526, 0.8899721355616947]]",0.5,"[1.0, 0.0]","[0.81298828125, 0.8115234375, 0.84130859375, 0.8408203125, 0.8564453125, 0.857177734375, 0.8583984375, 0.84912109375, 0.856201171875, 0.866455078125]","[0.6753277778625488, 0.70051109790802, 0.7414318323135376, 0.7586067914962769, 0.760790228843689, 0.7446341514587402, 0.7344937324523926, 0.7230015993118286, 0.7245931029319763, 0.7249913215637207]","[0.1801002472639084, 0.13073410093784332, 0.10184493660926819, 0.09447850286960602, 0.08292169868946075, 0.08559399843215942, 0.08478544652462006, 0.08456219732761383, 0.08686913549900055, 0.08918318897485733]","[0.14006400108337402, 0.10385605692863464, 0.09092380106449127, 0.08864116668701172, 0.07679590582847595, 0.07375893741846085, 0.07020127773284912, 0.06996437907218933, 0.07076524198055267, 0.07306630909442902]","[0.13992813229560852, 0.12513336539268494, 0.1131761446595192, 0.10498125851154327, 0.09417673200368881, 0.09203539043664932, 0.09489081799983978, 0.0975785106420517, 0.10200256109237671, 0.1044926643371582]"
2,"[0.5000000000000001, 0.4999999999999999]",0.99,"[[1.0, 0.5196919441223145], [1.0, -0.5196923613548279]]","[[1.0, 0.0], [0.0, 0.9900000095367432]]","[[0.5, 0.5], [0.9621081352233887, -0.9621080160140991]]","[[0.9949997666478296, 0.005000233352170386], [0.0049997571110580626, 0.995000242888942]]",0.04541465640068054,2,"[[0.7854982551402111, 0.2145017448597889], [0.2145017448597889, 0.7854982551402111]]",0.75,"[1.0, 0.0]","[0.6865234375, 0.69384765625, 0.727294921875, 0.726806640625, 0.7412109375, 0.728515625, 0.733642578125, 0.738037109375, 0.74169921875, 0.736083984375]","[0.5886354446411133, 0.6100409030914307, 0.6340206861495972, 0.6362660527229309, 0.6354732513427734, 0.6166489720344543, 0.6076925992965698, 0.6027053594589233, 0.5986977815628052, 0.5978430509567261]","[0.13706904649734497, 0.10848981142044067, 0.089429572224617, 0.07807328552007675, 0.06484253704547882, 0.06342750787734985, 0.06360647082328796, 0.06046226620674133, 0.06213148683309555, 0.06388245522975922]","[0.12795476615428925, 0.11255218088626862, 0.09884340316057205, 0.08421042561531067, 0.0659484714269638, 0.059427835047245026, 0.05843525379896164, 0.05587289482355118, 0.05734195560216904, 0.05915921926498413]","[0.12493068724870682, 0.12705093622207642, 0.11896944046020508, 0.10743727535009384, 0.0922832041978836, 0.08342741429805756, 0.08935149759054184, 0.09026266634464264, 0.09420887380838394, 0.0953843966126442]"
2,"[0.5000000000000001, 0.4999999999999999]",0.95,"[[1.0, 0.9187799096107483], [1.0, -0.9187799096107483]]","[[1.0, 0.0], [0.0, 0.949999988079071]]","[[0.5, 0.5], [0.5441999435424805, -0.5441999435424805]]","[[0.9749999642372131, 0.025000035762786865], [0.025000035762786865, 0.9749999642372131]]",0.16866111755371094,2,"[[1.0, 0.0], [0.0, 1.0]]",0,"[1.0, 0.0]","[0.949462890625, 0.958251953125, 0.938720703125, 0.960693359375, 0.966064453125, 0.97412109375, 0.97021484375, 0.9736328125, 0.9716796875, 0.97509765625]","[0.7878499031066895, 0.7862222194671631, 0.8048207759857178, 0.8501352667808533, 0.899226188659668, 0.9293215274810791, 0.9313243627548218, 0.9334897994995117, 0.9257197380065918, 0.9305654764175415]","[inf, inf, inf, inf, inf, inf, inf, inf, inf, inf]","[nan, nan, nan, nan, nan, nan, nan, nan, nan, nan]","[0.32997384667396545, 0.33114194869995117, 0.3121963143348694, 0.259742796421051, 0.19283121824264526, 0.15146586298942566, 0.14911997318267822, 0.15157192945480347, 0.16611522436141968, 0.1618407517671585]"
2,"[0.5000000000000001, 0.4999999999999999]",0.95,"[[1.0, 0.9187799096107483], [1.0, -0.9187799096107483]]","[[1.0, 0.0], [0.0, 0.949999988079071]]","[[0.5, 0.5], [0.5441999435424805, -0.5441999435424805]]","[[0.9749999642372131, 0.025000035762786865], [0.025000035762786865, 0.9749999642372131]]",0.16866111755371094,2,"[[0.9583073097263419, 0.04169269027365807], [0.04169269027365807, 0.9583073097263419]]",0.25,"[1.0, 0.0]","[0.8759765625, 0.8759765625, 0.87646484375, 0.888916015625, 0.888916015625, 0.89794921875, 0.9013671875, 0.899658203125, 0.901611328125, 0.905029296875]","[0.7299566268920898, 0.7420613765716553, 0.7694157361984253, 0.8052276372909546, 0.811302900314331, 0.812813401222229, 0.8087400197982788, 0.807341992855072, 0.8005902171134949, 0.8014404773712158]","[0.32857459783554077, 0.3012203872203827, 0.2696073651313782, 0.22851158678531647, 0.21846452355384827, 0.21253693103790283, 0.20508906245231628, 0.20008066296577454, 0.21275949478149414, 0.20453184843063354]","[0.20212742686271667, 0.18547764420509338, 0.1776467114686966, 0.16456636786460876, 0.16142290830612183, 0.15211385488510132, 0.1451530158519745, 0.13863679766654968, 0.14671722054481506, 0.14006827771663666]","[0.21305759251117706, 0.2009684294462204, 0.17574679851531982, 0.14062204957008362, 0.13247698545455933, 0.13160690665245056, 0.1332695186138153, 0.13382145762443542, 0.14327828586101532, 0.1409490555524826]"
2,"[0.5000000000000001, 0.4999999999999999]",0.95,"[[1.0, 0.9187799096107483], [1.0, -0.9187799096107483]]","[[1.0, 0.0], [0.0, 0.949999988079071]]","[[0.5, 0.5], [0.5441999435424805, -0.5441999435424805]]","[[0.9749999642372131, 0.025000035762786865], [0.025000035762786865, 0.9749999642372131]]",0.16866111755371094,2,"[[0.8899721355616947, 0.11002786443830526], [0.11002786443830526, 0.8899721355616947]]",0.5,"[1.0, 0.0]","[0.78369140625, 0.77587890625, 0.788818359375, 0.788818359375, 0.79638671875, 0.8056640625, 0.808837890625, 0.813232421875, 0.813720703125, 0.81103515625]","[0.6573336124420166, 0.6752833724021912, 0.6983419060707092, 0.7014854550361633, 0.6918420195579529, 0.6885185837745667, 0.6810263395309448, 0.679548442363739, 0.6757517457008362, 0.6778683662414551]","[0.2201351821422577, 0.18434275686740875, 0.17907169461250305, 0.1891506165266037, 0.18168126046657562, 0.16745708882808685, 0.16881227493286133, 0.1566040962934494, 0.16399970650672913, 0.16232338547706604]","[0.17357531189918518, 0.149591326713562, 0.15661022067070007, 0.17280533909797668, 0.1578184962272644, 0.13701100647449493, 0.1372879594564438, 0.12603230774402618, 0.13218829035758972, 0.13038533926010132]","[0.15800198912620544, 0.14887964725494385, 0.14571422338485718, 0.14549517631530762, 0.14190304279327393, 0.13462838530540466, 0.14258340001106262, 0.1410718560218811, 0.14776380360126495, 0.14664492011070251]"
2,"[0.5000000000000001, 0.4999999999999999]",0.95,"[[1.0, 0.9187799096107483], [1.0, -0.9187799096107483]]","[[1.0, 0.0], [0.0, 0.949999988079071]]","[[0.5, 0.5], [0.5441999435424805, -0.5441999435424805]]","[[0.9749999642372131, 0.025000035762786865], [0.025000035762786865, 0.9749999642372131]]",0.16866111755371094,2,"[[0.7854982551402111, 0.2145017448597889], [0.2145017448597889, 0.7854982551402111]]",0.75,"[1.0, 0.0]","[0.666015625, 0.654296875, 0.66943359375, 0.66162109375, 0.656982421875, 0.668212890625, 0.669189453125, 0.677001953125, 0.693359375, 0.689453125]","[0.5793232917785645, 0.5896185040473938, 0.5995297431945801, 0.5907319188117981, 0.5804117918014526, 0.5700441002845764, 0.5658025741577148, 0.560675859451294, 0.5652999877929688, 0.5697510242462158]","[0.15308094024658203, 0.13651275634765625, 0.1353657841682434, 0.13710100948810577, 0.13100481033325195, 0.11666659265756607, 0.11580564826726913, 0.10877573490142822, 0.10753106325864792, 0.10651931166648865]","[0.14416217803955078, 0.14076301455497742, 0.14241990447044373, 0.1388290524482727, 0.12471945583820343, 0.10649992525577545, 0.10374902188777924, 0.09798814356327057, 0.09715127944946289, 0.09718362987041473]","[0.13529014587402344, 0.14282211661338806, 0.1444983184337616, 0.14157012104988098, 0.13707740604877472, 0.12959961593151093, 0.13375867903232574, 0.13631752133369446, 0.1363198310136795, 0.13020771741867065]"
2,"[0.5000000000000001, 0.4999999999999999]",0.75,"[[1.0, 1.030020833015442], [1.0, -1.030020833015442]]","[[1.0, 0.0], [0.0, 0.75]]","[[0.5, 0.5], [0.4854271113872528, -0.4854270815849304]]","[[0.8750000260770329, 0.12499997392296713], [0.12499997392296713, 0.8750000260770329]]",0.5435643792152405,2,"[[1.0, 0.0], [0.0, 1.0]]",0,"[1.0, 0.0]","[0.7880859375, 0.799560546875, 0.805908203125, 0.845703125, 0.873046875, 0.87255859375, 0.868408203125, 0.868896484375, 0.873779296875, 0.86865234375]","[0.6692953109741211, 0.6607697606086731, 0.7058911323547363, 0.7431016564369202, 0.7589280605316162, 0.7565975189208984, 0.7497639656066895, 0.7477612495422363, 0.7435704469680786, 0.7391023635864258]","[inf, inf, inf, inf, inf, inf, inf, inf, inf, inf]","[nan, nan, nan, nan, nan, nan, nan, nan, nan, nan]","[0.41609591245651245, 0.42185425758361816, 0.3822592496871948, 0.34682580828666687, 0.33684244751930237, 0.34135085344314575, 0.3489517569541931, 0.35109537839889526, 0.35578006505966187, 0.3596067428588867]"
2,"[0.5000000000000001, 0.4999999999999999]",0.75,"[[1.0, 1.030020833015442], [1.0, -1.030020833015442]]","[[1.0, 0.0], [0.0, 0.75]]","[[0.5, 0.5], [0.4854271113872528, -0.4854270815849304]]","[[0.8750000260770329, 0.12499997392296713], [0.12499997392296713, 0.8750000260770329]]",0.5435643792152405,2,"[[0.9583073097263419, 0.04169269027365807], [0.04169269027365807, 0.9583073097263419]]",0.25,"[1.0, 0.0]","[0.739990234375, 0.7333984375, 0.747802734375, 0.770263671875, 0.793701171875, 0.810302734375, 0.810302734375, 0.808837890625, 0.81005859375, 0.8095703125]","[0.6358788013458252, 0.6298770308494568, 0.6566052436828613, 0.6711000204086304, 0.6760728359222412, 0.679108202457428, 0.6731054782867432, 0.6722165942192078, 0.6685574054718018, 0.671237587928772]","[0.6068874597549438, 0.6239143013954163, 0.5720360279083252, 0.5468120574951172, 0.5041912794113159, 0.5023711919784546, 0.4914968013763428, 0.5005232095718384, 0.49772411584854126, 0.5027973055839539]","[0.3749586045742035, 0.38992172479629517, 0.3760618269443512, 0.36869946122169495, 0.33168208599090576, 0.32732152938842773, 0.31615781784057617, 0.3231322467327118, 0.3186725676059723, 0.32326391339302063]","[0.2921111583709717, 0.295590341091156, 0.27237099409103394, 0.2573792338371277, 0.2543817162513733, 0.25691813230514526, 0.26095110177993774, 0.26381930708885193, 0.265985906124115, 0.2665480375289917]"
2,"[0.5000000000000001, 0.4999999999999999]",0.75,"[[1.0, 1.030020833015442], [1.0, -1.030020833015442]]","[[1.0, 0.0], [0.0, 0.75]]","[[0.5, 0.5], [0.4854271113872528, -0.4854270815849304]]","[[0.8750000260770329, 0.12499997392296713], [0.12499997392296713, 0.8750000260770329]]",0.5435643792152405,2,"[[0.8899721355616947, 0.11002786443830526], [0.11002786443830526, 0.8899721355616947]]",0.5,"[1.0, 0.0]","[0.674560546875, 0.64697265625, 0.67138671875, 0.6708984375, 0.700439453125, 0.699951171875, 0.706298828125, 0.712890625, 0.71337890625, 0.708984375]","[0.5908424854278564, 0.5870523452758789, 0.5956987142562866, 0.5921664237976074, 0.5911414623260498, 0.5891770124435425, 0.5833545923233032, 0.583174467086792, 0.5841364860534668, 0.587222695350647]","[0.35872697830200195, 0.37053507566452026, 0.36255523562431335, 0.3572102189064026, 0.3268904387950897, 0.3222602605819702, 0.32310155034065247, 0.31696847081184387, 0.3162566125392914, 0.3203977048397064]","[0.28741025924682617, 0.30569297075271606, 0.3070381283760071, 0.2954528033733368, 0.2604183554649353, 0.2528490722179413, 0.2514027953147888, 0.24713075160980225, 0.24657362699508667, 0.25138145685195923]","[0.2231074571609497, 0.23297196626663208, 0.23110663890838623, 0.22876305878162384, 0.2258838713169098, 0.227293461561203, 0.23365294933319092, 0.23379924893379211, 0.23410819470882416, 0.23192986845970154]"
2,"[0.5000000000000001, 0.4999999999999999]",0.75,"[[1.0, 1.030020833015442], [1.0, -1.030020833015442]]","[[1.0, 0.0], [0.0, 0.75]]","[[0.5, 0.5], [0.4854271113872528, -0.4854270815849304]]","[[0.8750000260770329, 0.12499997392296713], [0.12499997392296713, 0.8750000260770329]]",0.5435643792152405,2,"[[0.7854982551402111, 0.2145017448597889], [0.2145017448597889, 0.7854982551402111]]",0.75,"[1.0, 0.0]","[0.59130859375, 0.5673828125, 0.569580078125, 0.579345703125, 0.574951171875, 0.5791015625, 0.583740234375, 0.58203125, 0.600830078125, 0.5908203125]","[0.5445263385772705, 0.5397040247917175, 0.5365902185440063, 0.5309451222419739, 0.5291711091995239, 0.5279369354248047, 0.5244810581207275, 0.5211608409881592, 0.5228643417358398, 0.5239156484603882]","[0.2101294994354248, 0.2168700248003006, 0.21334083378314972, 0.20034855604171753, 0.18207643926143646, 0.17507340013980865, 0.1733311414718628, 0.1674758493900299, 0.17095455527305603, 0.17600300908088684]","[0.20127741992473602, 0.2190311849117279, 0.21020705997943878, 0.1907152533531189, 0.16547143459320068, 0.15676231682300568, 0.15279258787631989, 0.149015411734581, 0.15268346667289734, 0.15818554162979126]","[0.1735210418701172, 0.18987351655960083, 0.1899028718471527, 0.184045672416687, 0.1804279386997223, 0.18162915110588074, 0.18381419777870178, 0.18567398190498352, 0.18710045516490936, 0.18660929799079895]"
2,"[0.5000000000000001, 0.4999999999999999]",0.5,"[[1.0, -1.2609658241271973], [1.0, 1.2609658241271973]]","[[1.0, 0.0], [0.0, 0.5]]","[[0.5, 0.5], [-0.3965214490890503, 0.3965214490890503]]","[[0.75, 0.25], [0.25, 0.75]]",0.8112781047821045,2,"[[1.0, 0.0], [0.0, 1.0]]",0,"[1.0, 0.0]","[0.650634765625, 0.646484375, 0.656005859375, 0.68408203125, 0.70263671875, 0.70947265625, 0.745361328125, 0.747802734375, 0.73779296875, 0.748046875]","[0.5732142925262451, 0.565274715423584, 0.582897424697876, 0.5882483720779419, 0.5906439423561096, 0.587742805480957, 0.5919539928436279, 0.5951899290084839, 0.5920807123184204, 0.6037923097610474]","[inf, inf, inf, inf, inf, inf, inf, inf, inf, inf]","[nan, nan, nan, nan, nan, nan, nan, nan, nan, nan]","[0.4857622981071472, 0.49108943343162537, 0.4774667024612427, 0.4747515618801117, 0.47502732276916504, 0.4780130386352539, 0.4761110544204712, 0.47377118468284607, 0.4756166338920593, 0.4670276641845703]"
2,"[0.5000000000000001, 0.4999999999999999]",0.5,"[[1.0, -1.2609658241271973], [1.0, 1.2609658241271973]]","[[1.0, 0.0], [0.0, 0.5]]","[[0.5, 0.5], [-0.3965214490890503, 0.3965214490890503]]","[[0.75, 0.25], [0.25, 0.75]]",0.8112781047821045,2,"[[0.9583073097263419, 0.04169269027365807], [0.04169269027365807, 0.9583073097263419]]",0.25,"[1.0, 0.0]","[0.619384765625, 0.60693359375, 0.616943359375, 0.62841796875, 0.648193359375, 0.65771484375, 0.6787109375, 0.699462890625, 0.697509765625, 0.69873046875]","[0.5558052062988281, 0.5478758215904236, 0.5604076385498047, 0.5613380074501038, 0.5583759546279907, 0.557282567024231, 0.5581939220428467, 0.5630543231964111, 0.5617160797119141, 0.5714930295944214]","[0.8410431742668152, 0.8520799279212952, 0.8179665803909302, 0.7982052564620972, 0.7864078283309937, 0.7849100828170776, 0.7667672038078308, 0.7586582899093628, 0.7638409733772278, 0.7391731142997742]","[0.5184484124183655, 0.5333045721054077, 0.5103516578674316, 0.49083995819091797, 0.4732552170753479, 0.46568095684051514, 0.450105220079422, 0.4467194676399231, 0.4524393677711487, 0.4404677748680115]","[0.35858219861984253, 0.36149680614471436, 0.35326308012008667, 0.35190194845199585, 0.3560735583305359, 0.35895752906799316, 0.3571211099624634, 0.35612139105796814, 0.35592788457870483, 0.3478899300098419]"
2,"[0.5000000000000001, 0.4999999999999999]",0.5,"[[1.0, -1.2609658241271973], [1.0, 1.2609658241271973]]","[[1.0, 0.0], [0.0, 0.5]]","[[0.5, 0.5], [-0.3965214490890503, 0.3965214490890503]]","[[0.75, 0.25], [0.25, 0.75]]",0.8112781047821045,2,"[[0.8899721355616947, 0.11002786443830526], [0.11002786443830526, 0.8899721355616947]]",0.5,"[1.0, 0.0]","[0.5859375, 0.56494140625, 0.568359375, 0.566650390625, 0.580078125, 0.572509765625, 0.5927734375, 0.6015625, 0.61279296875, 0.612548828125]","[0.5396733283996582, 0.5316744446754456, 0.5326266884803772, 0.5296859741210938, 0.5302245616912842, 0.5260732173919678, 0.5277278423309326, 0.5255429744720459, 0.5274883508682251, 0.5322539806365967]","[0.4672877788543701, 0.47644299268722534, 0.46387165784835815, 0.4536570906639099, 0.43432682752609253, 0.43206799030303955, 0.42304664850234985, 0.42029500007629395, 0.42218106985092163, 0.41943687200546265]","[0.3741755485534668, 0.3894904851913452, 0.3729285001754761, 0.35632193088531494, 0.33295947313308716, 0.32736244797706604, 0.3171422481536865, 0.3163986802101135, 0.31938648223876953, 0.31851255893707275]","[0.27516573667526245, 0.28349506855010986, 0.2825506329536438, 0.2836577296257019, 0.28483980894088745, 0.2880397140979767, 0.2869018614292145, 0.2882070541381836, 0.2876889407634735, 0.2845730185508728]"
2,"[0.5000000000000001, 0.4999999999999999]",0.5,"[[1.0, -1.2609658241271973], [1.0, 1.2609658241271973]]","[[1.0, 0.0], [0.0, 0.5]]","[[0.5, 0.5], [-0.3965214490890503, 0.3965214490890503]]","[[0.75, 0.25], [0.25, 0.75]]",0.8112781047821045,2,"[[0.7854982551402111, 0.2145017448597889], [0.2145017448597889, 0.7854982551402111]]",0.75,"[1.0, 0.0]","[0.547119140625, 0.5078125, 0.52294921875, 0.513916015625, 0.525146484375, 0.517822265625, 0.52197265625, 0.5087890625, 0.5244140625, 0.52001953125]","[0.5190742015838623, 0.5076479911804199, 0.5119000673294067, 0.504958987236023, 0.50760817527771, 0.5065028667449951, 0.5075159072875977, 0.5040762424468994, 0.5068196058273315, 0.5061495304107666]","[0.2491265833377838, 0.25829052925109863, 0.23784177005290985, 0.22942689061164856, 0.2079700231552124, 0.20317205786705017, 0.197953462600708, 0.19358870387077332, 0.19659385085105896, 0.20535947382450104]","[0.23844733834266663, 0.26024898886680603, 0.22729717195034027, 0.21231770515441895, 0.18629270792007446, 0.17996273934841156, 0.1730780154466629, 0.1706911325454712, 0.17432279884815216, 0.18353566527366638]","[0.2027055323123932, 0.21377335488796234, 0.20761142671108246, 0.20702534914016724, 0.2039678543806076, 0.2055010199546814, 0.20409154891967773, 0.20588418841362, 0.2069351077079773, 0.20842662453651428]"
2,"[0.8888888888888888, 0.1111111111111111]",0.99,"[[1.0, -0.22664670646190643], [1.0, 1.8131740093231201]]","[[1.0, 0.0], [0.0, 0.9900000095367432]]","[[0.8888888955116272, 0.1111111119389534], [-0.49023914337158203, 0.4902391731739044]]","[[0.9988888725390033, 0.0011111274609966755], [0.008888899750179067, 0.991111100249821]]",0.019265078836017184,2,"[[1.0, 0.0], [0.0, 1.0]]",0,"[1.0, 0.0]","[0.998046875, 0.996337890625, 0.99560546875, 0.997314453125, 0.998779296875, 0.998046875, 0.99755859375, 0.9970703125, 0.994384765625, 0.953857421875]","[0.8229219913482666, 0.8214371204376221, 0.8229773044586182, 0.8263945579528809, 0.8328256011009216, 0.8425118923187256, 0.8646262288093567, 0.8969256281852722, 0.9358198642730713, 0.940620481967926]","[inf, inf, inf, inf, inf, inf, inf, inf, inf, inf]","[nan, nan, nan, nan, nan, nan, nan, nan, nan, nan]","[0.3044857978820801, 0.30555519461631775, 0.30410730838775635, 0.3001299500465393, 0.2917185425758362, 0.27615267038345337, 0.23816579580307007, 0.17987704277038574, 0.1130959689617157, 0.08329549431800842]"
2,"[0.8888888888888888, 0.1111111111111111]",0.99,"[[1.0, -0.22664670646190643], [1.0, 1.8131740093231201]]","[[1.0, 0.0], [0.0, 0.9900000095367432]]","[[0.8888888955116272, 0.1111111119389534], [-0.49023914337158203, 0.4902391731739044]]","[[0.9988888725390033, 0.0011111274609966755], [0.008888899750179067, 0.991111100249821]]",0.019265078836017184,2,"[[0.9583073097263419, 0.04169269027365807], [0.04169269027365807, 0.9583073097263419]]",0.25,"[1.0, 0.0]","[0.918212890625, 0.919921875, 0.927001953125, 0.938232421875, 0.952392578125, 0.95166015625, 0.941162109375, 0.94921875, 0.946044921875, 0.956787109375]","[0.758737325668335, 0.7778303027153015, 0.8077569603919983, 0.8553048372268677, 0.8931405544281006, 0.8979171514511108, 0.8863377571105957, 0.8878375887870789, 0.8768165111541748, 0.8811143636703491]","[0.24303379654884338, 0.19584496319293976, 0.15640889108181, 0.10366420447826385, 0.06283951550722122, 0.06182585656642914, 0.061673853546381, 0.05821269378066063, 0.06350859999656677, 0.055276960134506226]","[0.14784777164459229, 0.11794176697731018, 0.09640470892190933, 0.06833073496818542, 0.048367224633693695, 0.051291462033987045, 0.04826819896697998, 0.044337205588817596, 0.04635992646217346, 0.03830671310424805]","[0.18913570046424866, 0.17017996311187744, 0.14300164580345154, 0.10253944993019104, 0.07927199453115463, 0.07689184695482254, 0.0753234326839447, 0.07237060368061066, 0.07468030601739883, 0.07222503423690796]"
2,"[0.8888888888888888, 0.1111111111111111]",0.99,"[[1.0, -0.22664670646190643], [1.0, 1.8131740093231201]]","[[1.0, 0.0], [0.0, 0.9900000095367432]]","[[0.8888888955116272, 0.1111111119389534], [-0.49023914337158203, 0.4902391731739044]]","[[0.9988888725390033, 0.0011111274609966755], [0.008888899750179067, 0.991111100249821]]",0.019265078836017184,2,"[[0.8899721355616947, 0.11002786443830526], [0.11002786443830526, 0.8899721355616947]]",0.5,"[1.0, 0.0]","[0.81787109375, 0.82080078125, 0.852783203125, 0.858154296875, 0.885009765625, 0.879150390625, 0.8740234375, 0.872314453125, 0.88037109375, 0.888916015625]","[0.6777446269989014, 0.7063544988632202, 0.7505186200141907, 0.7763510942459106, 0.7884452939033508, 0.7751830816268921, 0.7607064247131348, 0.7505372762680054, 0.7471951246261597, 0.745267391204834]","[0.17346826195716858, 0.11707931011915207, 0.08474203944206238, 0.06639514863491058, 0.045189205557107925, 0.04651698097586632, 0.043580248951911926, 0.04716033488512039, 0.047081418335437775, 0.04759739339351654]","[0.13458192348480225, 0.09229999780654907, 0.07567394524812698, 0.06491109728813171, 0.04550604894757271, 0.043202955275774, 0.03782730549573898, 0.04032692685723305, 0.040180742740631104, 0.04002901911735535]","[0.13686209917068481, 0.11917729675769806, 0.10576367378234863, 0.09295376390218735, 0.07590452581644058, 0.06962426006793976, 0.07049310207366943, 0.07528383284807205, 0.07870364189147949, 0.08293308317661285]"
2,"[0.8888888888888888, 0.1111111111111111]",0.99,"[[1.0, -0.22664670646190643], [1.0, 1.8131740093231201]]","[[1.0, 0.0], [0.0, 0.9900000095367432]]","[[0.8888888955116272, 0.1111111119389534], [-0.49023914337158203, 0.4902391731739044]]","[[0.9988888725390033, 0.0011111274609966755], [0.008888899750179067, 0.991111100249821]]",0.019265078836017184,2,"[[0.7854982551402111, 0.2145017448597889], [0.2145017448597889, 0.7854982551402111]]",0.75,"[1.0, 0.0]","[0.69140625, 0.698974609375, 0.7412109375, 0.74755859375, 0.787109375, 0.771240234375, 0.7705078125, 0.75732421875, 0.7705078125, 0.772216796875]","[0.5904655456542969, 0.6130887269973755, 0.6424752473831177, 0.6500091552734375, 0.6629306077957153, 0.6496599912643433, 0.6408224701881409, 0.6271107196807861, 0.6263923645019531, 0.6263083219528198]","[0.13442032039165497, 0.1003197580575943, 0.07738925516605377, 0.058907583355903625, 0.03387218341231346, 0.02899196371436119, 0.02829345129430294, 0.027147212997078896, 0.030523400753736496, 0.03302518278360367]","[0.1252681314945221, 0.10406751930713654, 0.0872347429394722, 0.06636577099561691, 0.03721556439995766, 0.027981799095869064, 0.02763546071946621, 0.0260922908782959, 0.02915196120738983, 0.03135904669761658]","[0.12323255091905594, 0.12290430814027786, 0.11283055692911148, 0.09613282978534698, 0.07107053697109222, 0.05349572002887726, 0.05927332490682602, 0.05866624414920807, 0.06199445575475693, 0.06508031487464905]"
2,"[0.8888888888888888, 0.1111111111111111]",0.95,"[[1.0, -0.21389567852020264], [1.0, 1.711165428161621]]","[[1.0, 0.0], [0.0, 0.949999988079071]]","[[0.8888888955116272, 0.1111111119389534], [-0.5194640755653381, 0.5194640159606934]]","[[0.9944444376147459, 0.0055555623852540795], [0.0444443874888882, 0.9555556125111118]]",0.07324705852402581,2,"[[1.0, 0.0], [0.0, 1.0]]",0,"[1.0, 0.0]","[0.98828125, 0.986328125, 0.981201171875, 0.98486328125, 0.988037109375, 0.98779296875, 0.98486328125, 0.9873046875, 0.98681640625, 0.98876953125]","[0.815990686416626, 0.812413215637207, 0.8170173168182373, 0.8302029371261597, 0.8549520969390869, 0.8885660171508789, 0.9325847625732422, 0.9687967896461487, 0.9768441319465637, 0.9783633947372437]","[inf, inf, inf, inf, inf, inf, inf, inf, inf, inf]","[nan, nan, nan, nan, nan, nan, nan, nan, nan, nan]","[0.3095090687274933, 0.31212353706359863, 0.30749446153640747, 0.29165124893188477, 0.25796377658843994, 0.2053062617778778, 0.12904730439186096, 0.07026511430740356, 0.05997620150446892, 0.06050364300608635]"
2,"[0.8888888888888888, 0.1111111111111111]",0.95,"[[1.0, -0.21389567852020264], [1.0, 1.711165428161621]]","[[1.0, 0.0], [0.0, 0.949999988079071]]","[[0.8888888955116272, 0.1111111119389534], [-0.5194640755653381, 0.5194640159606934]]","[[0.9944444376147459, 0.0055555623852540795], [0.0444443874888882, 0.9555556125111118]]",0.07324705852402581,2,"[[0.9583073097263419, 0.04169269027365807], [0.04169269027365807, 0.9583073097263419]]",0.25,"[1.0, 0.0]","[0.90966796875, 0.909912109375, 0.91455078125, 0.92236328125, 0.935302734375, 0.929931640625, 0.92333984375, 0.933837890625, 0.9287109375, 0.93701171875]","[0.7532298564910889, 0.7692191004753113, 0.798267126083374, 0.8401817083358765, 0.8724572062492371, 0.8721553087234497, 0.8593339920043945, 0.863330602645874, 0.8520424365997314, 0.8507719039916992]","[0.26011571288108826, 0.22229509055614471, 0.18174102902412415, 0.1444457471370697, 0.10424032807350159, 0.11315151304006577, 0.11427637189626694, 0.10749902576208115, 0.11230818927288055, 0.11596822738647461]","[0.15868890285491943, 0.13546542823314667, 0.11503488570451736, 0.09976106882095337, 0.07971769571304321, 0.09027095884084702, 0.08625385910272598, 0.0781325027346611, 0.07938627898693085, 0.07843703776597977]","[0.19385644793510437, 0.17779965698719025, 0.150032639503479, 0.11413444578647614, 0.09172731637954712, 0.09096433222293854, 0.09057672321796417, 0.0899491235613823, 0.09255699813365936, 0.09752056747674942]"
2,"[0.8888888888888888, 0.1111111111111111]",0.95,"[[1.0, -0.21389567852020264], [1.0, 1.711165428161621]]","[[1.0, 0.0], [0.0, 0.949999988079071]]","[[0.8888888955116272, 0.1111111119389534], [-0.5194640755653381, 0.5194640159606934]]","[[0.9944444376147459, 0.0055555623852540795], [0.0444443874888882, 0.9555556125111118]]",0.07324705852402581,2,"[[0.8899721355616947, 0.11002786443830526], [0.11002786443830526, 0.8899721355616947]]",0.5,"[1.0, 0.0]","[0.81103515625, 0.809814453125, 0.8408203125, 0.834716796875, 0.860595703125, 0.860107421875, 0.85595703125, 0.85986328125, 0.863037109375, 0.868408203125]","[0.6744818687438965, 0.6991913914680481, 0.7397796511650085, 0.7547521591186523, 0.7636743783950806, 0.7540543079376221, 0.7390304803848267, 0.7325149774551392, 0.7277110815048218, 0.7233569025993347]","[0.1817377805709839, 0.13313566148281097, 0.10639543831348419, 0.10356684029102325, 0.0805872231721878, 0.08004827052354813, 0.07815045118331909, 0.0757097452878952, 0.07937342673540115, 0.08429205417633057]","[0.1413695514202118, 0.10602875053882599, 0.09471812844276428, 0.09754343330860138, 0.07681287080049515, 0.07154954969882965, 0.06678823381662369, 0.06408674269914627, 0.06581931561231613, 0.06976191699504852]","[0.14067456126213074, 0.1262814998626709, 0.11508926749229431, 0.10790559649467468, 0.0915079265832901, 0.0839802622795105, 0.08743242919445038, 0.09101726114749908, 0.09726690500974655, 0.10387411713600159]"
2,"[0.8888888888888888, 0.1111111111111111]",0.95,"[[1.0, -0.21389567852020264], [1.0, 1.711165428161621]]","[[1.0, 0.0], [0.0, 0.949999988079071]]","[[0.8888888955116272, 0.1111111119389534], [-0.5194640755653381, 0.5194640159606934]]","[[0.9944444376147459, 0.0055555623852540795], [0.0444443874888882, 0.9555556125111118]]",0.07324705852402581,2,"[[0.7854982551402111, 0.2145017448597889], [0.2145017448597889, 0.7854982551402111]]",0.75,"[1.0, 0.0]","[0.685546875, 0.693603515625, 0.724853515625, 0.725341796875, 0.759765625, 0.74951171875, 0.743408203125, 0.735107421875, 0.747314453125, 0.751708984375]","[0.5882422924041748, 0.6095529794692993, 0.6321827173233032, 0.6347707509994507, 0.6435123682022095, 0.6327095031738281, 0.622374415397644, 0.609203577041626, 0.6105809211730957, 0.6148921847343445]","[0.13799361884593964, 0.10872068256139755, 0.09079934656620026, 0.07907567173242569, 0.05586560070514679, 0.05057091265916824, 0.05079624801874161, 0.04947187751531601, 0.050382766872644424, 0.05184692144393921]","[0.12888860702514648, 0.11275319755077362, 0.10021673142910004, 0.08577398955821991, 0.05803747475147247, 0.04814262315630913, 0.04820045456290245, 0.0468008816242218, 0.04706447571516037, 0.04875898361206055]","[0.1254788637161255, 0.12735193967819214, 0.11963773518800735, 0.10731230676174164, 0.08489137142896652, 0.0689593106508255, 0.0739116221666336, 0.07483610510826111, 0.0770374983549118, 0.07760922610759735]"
2,"[0.8888888888888888, 0.1111111111111111]",0.75,"[[1.0, -0.14517228305339813], [1.0, 1.1613785028457642]]","[[1.0, 0.0], [0.0, 0.75]]","[[0.8888888955116272, 0.1111111119389534], [-0.7653738856315613, 0.7653741240501404]]","[[0.9722222162203655, 0.027777783779634413], [0.22222222884495935, 0.7777777711550407]]",0.24768679671817356,2,"[[1.0, 0.0], [0.0, 1.0]]",0,"[1.0, 0.0]","[0.93603515625, 0.935302734375, 0.91552734375, 0.9365234375, 0.93994140625, 0.94482421875, 0.943115234375, 0.944580078125, 0.951171875, 0.95166015625]","[0.7810838222503662, 0.7712221145629883, 0.7783235311508179, 0.8277212381362915, 0.8736916780471802, 0.8988077044487, 0.8994460105895996, 0.9011821746826172, 0.9000425338745117, 0.8993717432022095]","[inf, inf, inf, inf, inf, inf, inf, inf, inf, inf]","[nan, nan, nan, nan, nan, nan, nan, nan, nan, nan]","[0.3347087502479553, 0.341650128364563, 0.33214640617370605, 0.2766162157058716, 0.21615053713321686, 0.18316775560379028, 0.18374738097190857, 0.180969700217247, 0.18694142997264862, 0.1899086833000183]"
2,"[0.8888888888888888, 0.1111111111111111]",0.75,"[[1.0, -0.14517228305339813], [1.0, 1.1613785028457642]]","[[1.0, 0.0], [0.0, 0.75]]","[[0.8888888955116272, 0.1111111119389534], [-0.7653738856315613, 0.7653741240501404]]","[[0.9722222162203655, 0.027777783779634413], [0.22222222884495935, 0.7777777711550407]]",0.24768679671817356,2,"[[0.9583073097263419, 0.04169269027365807], [0.04169269027365807, 0.9583073097263419]]",0.25,"[1.0, 0.0]","[0.86669921875, 0.86181640625, 0.8623046875, 0.880859375, 0.88671875, 0.8857421875, 0.879150390625, 0.883544921875, 0.8857421875, 0.88720703125]","[0.7244987487792969, 0.7321897745132446, 0.7533314228057861, 0.7968994975090027, 0.810603141784668, 0.8109802007675171, 0.7947437167167664, 0.7991726994514465, 0.7925511002540588, 0.7850087881088257]","[0.3451172113418579, 0.32938605546951294, 0.3123716711997986, 0.26148515939712524, 0.23267970979213715, 0.2269904911518097, 0.23282189667224884, 0.23380234837532043, 0.23007775843143463, 0.24558669328689575]","[0.21257010102272034, 0.20263268053531647, 0.20626065135002136, 0.19232958555221558, 0.17354433238506317, 0.1614127904176712, 0.16504131257534027, 0.16168823838233948, 0.1562081277370453, 0.1607646495103836]","[0.21719637513160706, 0.2085651159286499, 0.1895039826631546, 0.1492816060781479, 0.13529889285564423, 0.13429248332977295, 0.14018020033836365, 0.14184239506721497, 0.14548273384571075, 0.15846309065818787]"
2,"[0.8888888888888888, 0.1111111111111111]",0.75,"[[1.0, -0.14517228305339813], [1.0, 1.1613785028457642]]","[[1.0, 0.0], [0.0, 0.75]]","[[0.8888888955116272, 0.1111111119389534], [-0.7653738856315613, 0.7653741240501404]]","[[0.9722222162203655, 0.027777783779634413], [0.22222222884495935, 0.7777777711550407]]",0.24768679671817356,2,"[[0.8899721355616947, 0.11002786443830526], [0.11002786443830526, 0.8899721355616947]]",0.5,"[1.0, 0.0]","[0.77734375, 0.775146484375, 0.79638671875, 0.799072265625, 0.82275390625, 0.81884765625, 0.8095703125, 0.81640625, 0.81640625, 0.822265625]","[0.653334379196167, 0.6727358102798462, 0.6975338459014893, 0.7108912467956543, 0.7176634073257446, 0.7094923257827759, 0.6945538520812988, 0.6909720301628113, 0.6849335432052612, 0.6806411743164062]","[0.22766953706741333, 0.19110725820064545, 0.18323519825935364, 0.179453045129776, 0.14785414934158325, 0.1415880024433136, 0.14475855231285095, 0.1422492414712906, 0.14518103003501892, 0.1514284908771515]","[0.1797577440738678, 0.15496130287647247, 0.16079288721084595, 0.1672918051481247, 0.13311974704265594, 0.12202035635709763, 0.12156552076339722, 0.11785705387592316, 0.1187656819820404, 0.12269440293312073]","[0.16094574332237244, 0.15228193998336792, 0.14846156537532806, 0.13896803557872772, 0.12055550515651703, 0.11369438469409943, 0.12196411192417145, 0.12809023261070251, 0.13558651506900787, 0.143812358379364]"
2,"[0.8888888888888888, 0.1111111111111111]",0.75,"[[1.0, -0.14517228305339813], [1.0, 1.1613785028457642]]","[[1.0, 0.0], [0.0, 0.75]]","[[0.8888888955116272, 0.1111111119389534], [-0.7653738856315613, 0.7653741240501404]]","[[0.9722222162203655, 0.027777783779634413], [0.22222222884495935, 0.7777777711550407]]",0.24768679671817356,2,"[[0.7854982551402111, 0.2145017448597889], [0.2145017448597889, 0.7854982551402111]]",0.75,"[1.0, 0.0]","[0.6650390625, 0.657958984375, 0.697021484375, 0.708984375, 0.735595703125, 0.72705078125, 0.725830078125, 0.7177734375, 0.723388671875, 0.7314453125]","[0.577660322189331, 0.5905080437660217, 0.6079486608505249, 0.6134548187255859, 0.6185970306396484, 0.6113420724868774, 0.6044384241104126, 0.5957412719726562, 0.5956180095672607, 0.599621057510376]","[0.15438655018806458, 0.1343763917684555, 0.12425735592842102, 0.10614876449108124, 0.0835651382803917, 0.07658355683088303, 0.07450473308563232, 0.07141656428575516, 0.07370439171791077, 0.0748910903930664]","[0.14544039964675903, 0.1387624740600586, 0.132459357380867, 0.11099286377429962, 0.08376060426235199, 0.07326075434684753, 0.07077553123235703, 0.06712929904460907, 0.06863649934530258, 0.07030701637268066]","[0.1361662745475769, 0.14233233034610748, 0.13743633031845093, 0.11966603249311447, 0.09944634139537811, 0.08379137516021729, 0.08798600733280182, 0.08948060870170593, 0.0937952995300293, 0.09303349256515503]"
2,"[0.8888888888888888, 0.1111111111111111]",0.5,"[[1.0, 0.16429241001605988], [1.0, -1.314339280128479]]","[[1.0, 0.0], [0.0, 0.5]]","[[0.8888888955116272, 0.1111111119389534], [0.6763009428977966, -0.6763008832931519]]","[[0.9444444423748388, 0.0555555576251612], [0.4444444610012907, 0.5555555389987092]]",0.3852692312664456,2,"[[1.0, 0.0], [0.0, 1.0]]",0,"[1.0, 0.0]","[0.87451171875, 0.877197265625, 0.8837890625, 0.889404296875, 0.893310546875, 0.890380859375, 0.896484375, 0.898681640625, 0.8994140625, 0.89404296875]","[0.7381412982940674, 0.7326943874359131, 0.7592732906341553, 0.8056989312171936, 0.8293989896774292, 0.832873523235321, 0.8339936137199402, 0.8296423554420471, 0.8297958374023438, 0.8154969215393066]","[inf, inf, inf, inf, inf, inf, inf, inf, inf, inf]","[nan, nan, nan, nan, nan, nan, nan, nan, nan, nan]","[0.3655838668346405, 0.3684678077697754, 0.3406640887260437, 0.28702208399772644, 0.2605245113372803, 0.25775572657585144, 0.26006871461868286, 0.2652508616447449, 0.2684638500213623, 0.2837463617324829]"
2,"[0.8888888888888888, 0.1111111111111111]",0.5,"[[1.0, 0.16429241001605988], [1.0, -1.314339280128479]]","[[1.0, 0.0], [0.0, 0.5]]","[[0.8888888955116272, 0.1111111119389534], [0.6763009428977966, -0.6763008832931519]]","[[0.9444444423748388, 0.0555555576251612], [0.4444444610012907, 0.5555555389987092]]",0.3852692312664456,2,"[[0.9583073097263419, 0.04169269027365807], [0.04169269027365807, 0.9583073097263419]]",0.25,"[1.0, 0.0]","[0.813720703125, 0.8203125, 0.840087890625, 0.843505859375, 0.855224609375, 0.858642578125, 0.859619140625, 0.8544921875, 0.8505859375, 0.851318359375]","[0.689997673034668, 0.7001508474349976, 0.72960364818573, 0.7608129978179932, 0.7702610492706299, 0.7698152661323547, 0.7621982097625732, 0.7553389072418213, 0.7460094690322876, 0.7342479825019836]","[0.45016077160835266, 0.423845112323761, 0.3853641152381897, 0.3491904139518738, 0.3186269998550415, 0.31588655710220337, 0.2987397611141205, 0.32140254974365234, 0.32021409273147583, 0.350905179977417]","[0.2788982689380646, 0.2629590332508087, 0.2606053054332733, 0.2560339570045471, 0.2308991551399231, 0.22442442178726196, 0.204553484916687, 0.21744728088378906, 0.2119806408882141, 0.22846373915672302]","[0.245676189661026, 0.23516437411308289, 0.20839142799377441, 0.1763998121023178, 0.1683821827173233, 0.1705164611339569, 0.17375385761260986, 0.18590635061264038, 0.1925569772720337, 0.20799586176872253]"
2,"[0.8888888888888888, 0.1111111111111111]",0.5,"[[1.0, 0.16429241001605988], [1.0, -1.314339280128479]]","[[1.0, 0.0], [0.0, 0.5]]","[[0.8888888955116272, 0.1111111119389534], [0.6763009428977966, -0.6763008832931519]]","[[0.9444444423748388, 0.0555555576251612], [0.4444444610012907, 0.5555555389987092]]",0.3852692312664456,2,"[[0.8899721355616947, 0.11002786443830526], [0.11002786443830526, 0.8899721355616947]]",0.5,"[1.0, 0.0]","[0.736572265625, 0.74853515625, 0.77294921875, 0.777587890625, 0.799072265625, 0.805419921875, 0.80810546875, 0.798583984375, 0.802734375, 0.802490234375]","[0.6295750141143799, 0.6495607495307922, 0.674286961555481, 0.6851050853729248, 0.6927886009216309, 0.6893612146377563, 0.6822813749313354, 0.6699844598770142, 0.664803147315979, 0.658901572227478]","[0.28028085827827454, 0.24023190140724182, 0.22799432277679443, 0.21764932572841644, 0.18767516314983368, 0.1747971475124359, 0.16366034746170044, 0.17564386129379272, 0.17624294757843018, 0.18679207563400269]","[0.2233564853668213, 0.1964533030986786, 0.2059526890516281, 0.200401172041893, 0.1668730229139328, 0.14945930242538452, 0.13918578624725342, 0.145660862326622, 0.14437538385391235, 0.15139198303222656]","[0.18368563055992126, 0.17549490928649902, 0.16592249274253845, 0.15404072403907776, 0.13851609826087952, 0.13064979016780853, 0.13528117537498474, 0.14840474724769592, 0.15601089596748352, 0.16448874771595]"
2,"[0.8888888888888888, 0.1111111111111111]",0.5,"[[1.0, 0.16429241001605988], [1.0, -1.314339280128479]]","[[1.0, 0.0], [0.0, 0.5]]","[[0.8888888955116272, 0.1111111119389534], [0.6763009428977966, -0.6763008832931519]]","[[0.9444444423748388, 0.0555555576251612], [0.4444444610012907, 0.5555555389987092]]",0.3852692312664456,2,"[[0.7854982551402111, 0.2145017448597889], [0.2145017448597889, 0.7854982551402111]]",0.75,"[1.0, 0.0]","[0.644775390625, 0.6435546875, 0.686279296875, 0.696044921875, 0.728271484375, 0.7265625, 0.73046875, 0.712890625, 0.725341796875, 0.725830078125]","[0.5662250518798828, 0.5784725546836853, 0.5958411693572998, 0.6023367047309875, 0.6099263429641724, 0.6056094169616699, 0.6031430959701538, 0.5894417762756348, 0.5909662246704102, 0.594843864440918]","[0.17340876162052155, 0.15184055268764496, 0.13947565853595734, 0.1176898330450058, 0.09139218926429749, 0.08243195712566376, 0.07527189701795578, 0.0795336663722992, 0.07915647327899933, 0.08229681849479675]","[0.16426479816436768, 0.15672734379768372, 0.14907419681549072, 0.12166300415992737, 0.09121687710285187, 0.07837356626987457, 0.07164820283651352, 0.07501694560050964, 0.07400847971439362, 0.07800514996051788]","[0.14826199412345886, 0.15213221311569214, 0.1443287432193756, 0.12396234273910522, 0.10292184352874756, 0.08720502257347107, 0.08877387642860413, 0.0951211228966713, 0.09801334142684937, 0.09711390733718872]"
2,"[0.9999694833531692, 3.0516646830846247e-05]",0.99,"[[1.0, 5.7034307246794924e-05], [1.0, -1.8689005374908447]]","[[1.0, 0.0], [0.0, 0.9900000095367432]]","[[0.999969482421875, 3.0516646802425385e-05], [0.5350576043128967, -0.5350576043128967]]","[[0.999999694826331, 3.0517366904016365e-07], [0.009999752044677734, 0.9900002479553223]]",9.50036516828094e-06,2,"[[1.0, 0.0], [0.0, 1.0]]",0,"[1.0, 0.0]","[1.0, 1.0, 1.0, 1.0, 1.0, 1.0, 1.0, 1.0, 1.0, 0.999755859375]","[0.82421875, 0.82421875, 0.82421875, 0.82421875, 0.82421875, 0.82421875, 0.8242607116699219, 0.8242616653442383, 0.8242616653442383, 0.8241193294525146]","[inf, inf, inf, inf, inf, inf, inf, inf, inf, inf]","[nan, nan, nan, nan, nan, nan, nan, nan, nan, nan]","[0.3035375475883484, 0.3035375475883484, 0.3035375475883484, 0.3035375475883484, 0.3035375475883484, 0.3035375475883484, 0.3034742474555969, 0.3034634590148926, 0.3034634590148926, 0.30352309346199036]"
2,"[0.9999694833531692, 3.0516646830846247e-05]",0.99,"[[1.0, 5.7034307246794924e-05], [1.0, -1.8689005374908447]]","[[1.0, 0.0], [0.0, 0.9900000095367432]]","[[0.999969482421875, 3.0516646802425385e-05], [0.5350576043128967, -0.5350576043128967]]","[[0.999999694826331, 3.0517366904016365e-07], [0.009999752044677734, 0.9900002479553223]]",9.50036516828094e-06,2,"[[0.9583073097263419, 0.04169269027365807], [0.04169269027365807, 0.9583073097263419]]",0.25,"[1.0, 0.0]","[0.9208984375, 0.923095703125, 0.9306640625, 0.943359375, 0.955078125, 0.956298828125, 0.950439453125, 0.959228515625, 0.95458984375, 0.961669921875]","[0.7601621150970459, 0.7804495692253113, 0.8102628588676453, 0.8601049780845642, 0.8975237607955933, 0.9053923487663269, 0.9006177186965942, 0.9027258157730103, 0.8960545063018799, 0.8988686800003052]","[0.2395065873861313, 0.1881839632987976, 0.14889243245124817, 0.093192458152771, 0.05368209630250931, 0.04229147732257843, 0.037216395139694214, 0.0342559888958931, 0.032771892845630646, 0.03503593057394028]","[0.14571647346019745, 0.11305412650108337, 0.0902889221906662, 0.060597047209739685, 0.04175594076514244, 0.03620567172765732, 0.03179097920656204, 0.02757015824317932, 0.025680821388959885, 0.025177469477057457]","[0.18811360001564026, 0.1679893285036087, 0.14106284081935883, 0.09952974319458008, 0.07598210871219635, 0.07110238075256348, 0.06774545460939407, 0.06484943628311157, 0.06281069666147232, 0.06127858906984329]"
2,"[0.9999694833531692, 3.0516646830846247e-05]",0.99,"[[1.0, 5.7034307246794924e-05], [1.0, -1.8689005374908447]]","[[1.0, 0.0], [0.0, 0.9900000095367432]]","[[0.999969482421875, 3.0516646802425385e-05], [0.5350576043128967, -0.5350576043128967]]","[[0.999999694826331, 3.0517366904016365e-07], [0.009999752044677734, 0.9900002479553223]]",9.50036516828094e-06,2,"[[0.8899721355616947, 0.11002786443830526], [0.11002786443830526, 0.8899721355616947]]",0.5,"[1.0, 0.0]","[0.820068359375, 0.823974609375, 0.858642578125, 0.865966796875, 0.888916015625, 0.8876953125, 0.88427734375, 0.88427734375, 0.89208984375, 0.89794921875]","[0.6786882877349854, 0.7088466286659241, 0.7549116015434265, 0.783621072769165, 0.7945749163627625, 0.7867162823677063, 0.7744808197021484, 0.762590229511261, 0.7608387470245361, 0.7548893094062805]","[0.171492338180542, 0.11159643530845642, 0.07811498641967773, 0.05745233595371246, 0.03510264307260513, 0.027452945709228516, 0.024510324001312256, 0.026246313005685806, 0.02746407687664032, 0.03251265734434128]","[0.1330229938030243, 0.08736401796340942, 0.06933175772428513, 0.057397834956645966, 0.03651638329029083, 0.027111642062664032, 0.022621527314186096, 0.023379703983664513, 0.024200234562158585, 0.0279502235352993]","[0.13592761754989624, 0.11678588390350342, 0.10307835787534714, 0.08919397741556168, 0.07109382003545761, 0.06031831353902817, 0.059620462357997894, 0.0642160102725029, 0.06846663355827332, 0.07459122687578201]"
2,"[0.9999694833531692, 3.0516646830846247e-05]",0.99,"[[1.0, 5.7034307246794924e-05], [1.0, -1.8689005374908447]]","[[1.0, 0.0], [0.0, 0.9900000095367432]]","[[0.999969482421875, 3.0516646802425385e-05], [0.5350576043128967, -0.5350576043128967]]","[[0.999999694826331, 3.0517366904016365e-07], [0.009999752044677734, 0.9900002479553223]]",9.50036516828094e-06,2,"[[0.7854982551402111, 0.2145017448597889], [0.2145017448597889, 0.7854982551402111]]",0.75,"[1.0, 0.0]","[0.693359375, 0.70166015625, 0.746337890625, 0.7568359375, 0.79443359375, 0.78759765625, 0.788818359375, 0.777099609375, 0.78857421875, 0.793212890625]","[0.5910563468933105, 0.6149092316627502, 0.6447813510894775, 0.6553808450698853, 0.6687026023864746, 0.6622207164764404, 0.6561117172241211, 0.641959547996521, 0.6401971578598022, 0.6414581537246704]","[0.13348831236362457, 0.09740957617759705, 0.07394346594810486, 0.05176636576652527, 0.025537103414535522, 0.015196098014712334, 0.010115712881088257, 0.008782313205301762, 0.010752707719802856, 0.012885237112641335]","[0.12436940521001816, 0.10112357884645462, 0.08367729932069778, 0.05978354066610336, 0.02982436493039131, 0.015239047817885876, 0.011351807042956352, 0.00967115256935358, 0.011044392362236977, 0.013005493208765984]","[0.12257885932922363, 0.12122415006160736, 0.1110517829656601, 0.09199514985084534, 0.06500978767871857, 0.04256487637758255, 0.045368634164333344, 0.0430416464805603, 0.04603929817676544, 0.04950544983148575]"
2,"[0.9999694833531692, 3.0516646830846247e-05]",0.95,"[[1.0, 1.623867137823254e-05], [1.0, -0.5321087837219238]]","[[1.0, 0.0], [0.0, 0.949999988079071]]","[[0.999969482421875, 3.0516646802425385e-05], [1.8792574405670166, -1.8792575597763062]]","[[0.9999984741679873, 1.5258320127736656e-06], [0.04999851882466562, 0.9500014811753343]]",4.045656942507074e-05,2,"[[1.0, 0.0], [0.0, 1.0]]",0,"[1.0, 0.0]","[1.0, 1.0, 1.0, 1.0, 1.0, 1.0, 1.0, 1.0, 0.999755859375, 0.999267578125]","[0.82421875, 0.82421875, 0.82421875, 0.82421875, 0.82421875, 0.82421875, 0.8242607116699219, 0.8243894577026367, 0.8243355751037598, 0.8240048885345459]","[inf, inf, inf, inf, inf, inf, inf, inf, inf, inf]","[nan, nan, nan, nan, nan, nan, nan, nan, nan, nan]","[0.3035375475883484, 0.3035375475883484, 0.3035375475883484, 0.3035375475883484, 0.3035375475883484, 0.3035375475883484, 0.3034742474555969, 0.3032519221305847, 0.30323490500450134, 0.3034477233886719]"
2,"[0.9999694833531692, 3.0516646830846247e-05]",0.95,"[[1.0, 1.623867137823254e-05], [1.0, -0.5321087837219238]]","[[1.0, 0.0], [0.0, 0.949999988079071]]","[[0.999969482421875, 3.0516646802425385e-05], [1.8792574405670166, -1.8792575597763062]]","[[0.9999984741679873, 1.5258320127736656e-06], [0.04999851882466562, 0.9500014811753343]]",4.045656942507074e-05,2,"[[0.9583073097263419, 0.04169269027365807], [0.04169269027365807, 0.9583073097263419]]",0.25,"[1.0, 0.0]","[0.9208984375, 0.923095703125, 0.9306640625, 0.943359375, 0.955078125, 0.956298828125, 0.950439453125, 0.959228515625, 0.95458984375, 0.961669921875]","[0.7601621150970459, 0.7804495692253113, 0.8102628588676453, 0.8601049780845642, 0.8975237607955933, 0.9053923487663269, 0.9006224870681763, 0.90272057056427, 0.8960525989532471, 0.8988915681838989]","[0.2395065873861313, 0.1881839632987976, 0.14889243245124817, 0.093192458152771, 0.05368209630250931, 0.04229147732257843, 0.03721408545970917, 0.03424776345491409, 0.032782383263111115, 0.035024791955947876]","[0.14571647346019745, 0.11305412650108337, 0.0902889221906662, 0.060597047209739685, 0.04175594076514244, 0.03620567172765732, 0.031788453459739685, 0.027562951669096947, 0.025686688721179962, 0.02517049014568329]","[0.18811360001564026, 0.1679893285036087, 0.14106284081935883, 0.09952974319458008, 0.07598210871219635, 0.07110238075256348, 0.06773685663938522, 0.06482914090156555, 0.06281659007072449, 0.06125812977552414]"
2,"[0.9999694833531692, 3.0516646830846247e-05]",0.95,"[[1.0, 1.623867137823254e-05], [1.0, -0.5321087837219238]]","[[1.0, 0.0], [0.0, 0.949999988079071]]","[[0.999969482421875, 3.0516646802425385e-05], [1.8792574405670166, -1.8792575597763062]]","[[0.9999984741679873, 1.5258320127736656e-06], [0.04999851882466562, 0.9500014811753343]]",4.045656942507074e-05,2,"[[0.8899721355616947, 0.11002786443830526], [0.11002786443830526, 0.8899721355616947]]",0.5,"[1.0, 0.0]","[0.820068359375, 0.823974609375, 0.858642578125, 0.865966796875, 0.888916015625, 0.8876953125, 0.884033203125, 0.88427734375, 0.89208984375, 0.89794921875]","[0.6786882877349854, 0.7088466286659241, 0.7549116015434265, 0.783621072769165, 0.7945749163627625, 0.7867162823677063, 0.7743198871612549, 0.7625935673713684, 0.7608053684234619, 0.754876434803009]","[0.171492338180542, 0.11159643530845642, 0.07811498641967773, 0.05745233595371246, 0.03510264307260513, 0.027452945709228516, 0.02449268475174904, 0.026235178112983704, 0.02747979760169983, 0.032518334686756134]","[0.1330229938030243, 0.08736401796340942, 0.06933175772428513, 0.057397834956645966, 0.03651638329029083, 0.027111642062664032, 0.022607237100601196, 0.023373456671833992, 0.02421427145600319, 0.02795949950814247]","[0.13592761754989624, 0.11678588390350342, 0.10307835787534714, 0.08919397741556168, 0.07109382003545761, 0.06031831353902817, 0.059589263051748276, 0.06420715898275375, 0.06849242746829987, 0.07462011277675629]"
2,"[0.9999694833531692, 3.0516646830846247e-05]",0.95,"[[1.0, 1.623867137823254e-05], [1.0, -0.5321087837219238]]","[[1.0, 0.0], [0.0, 0.949999988079071]]","[[0.999969482421875, 3.0516646802425385e-05], [1.8792574405670166, -1.8792575597763062]]","[[0.9999984741679873, 1.5258320127736656e-06], [0.04999851882466562, 0.9500014811753343]]",4.045656942507074e-05,2,"[[0.7854982551402111, 0.2145017448597889], [0.2145017448597889, 0.7854982551402111]]",0.75,"[1.0, 0.0]","[0.693359375, 0.70166015625, 0.746337890625, 0.7568359375, 0.79443359375, 0.78759765625, 0.78857421875, 0.777099609375, 0.78857421875, 0.793212890625]","[0.5910563468933105, 0.6149092316627502, 0.6447813510894775, 0.6553808450698853, 0.6687026023864746, 0.6622207164764404, 0.6560244560241699, 0.6419481039047241, 0.6401742696762085, 0.6414457559585571]","[0.13348831236362457, 0.09740957617759705, 0.07394346594810486, 0.05176636576652527, 0.025537103414535522, 0.015196098014712334, 0.010115712881088257, 0.008785570971667767, 0.010758310556411743, 0.012891620397567749]","[0.12436940521001816, 0.10112357884645462, 0.08367729932069778, 0.05978354066610336, 0.02982436493039131, 0.015239047817885876, 0.011351807042956352, 0.00967331975698471, 0.011048316024243832, 0.013010725378990173]","[0.12257885932922363, 0.12122415006160736, 0.1110517829656601, 0.09199514985084534, 0.06500978767871857, 0.04256487637758255, 0.045368634164333344, 0.0430472195148468, 0.04605213180184364, 0.04951509088277817]"
2,"[0.9999694833531692, 3.0516646830846247e-05]",0.75,"[[1.0, -8.786683793005068e-06], [1.0, 0.2879219651222229]]","[[1.0, 0.0], [0.0, 0.75]]","[[0.999969482421875, 3.0516646802425385e-05], [-3.4730570316314697, 3.473057508468628]]","[[0.9999923708473925, 7.629152607505016e-06], [0.24999240040869708, 0.7500075995913029]]",0.00016545561286956305,2,"[[1.0, 0.0], [0.0, 1.0]]",0,"[1.0, 0.0]","[1.0, 1.0, 1.0, 1.0, 1.0, 1.0, 1.0, 1.0, 0.999267578125, 0.998779296875]","[0.82421875, 0.82421875, 0.82421875, 0.82421875, 0.8241968154907227, 0.8243827819824219, 0.8244762420654297, 0.824772834777832, 0.8247418403625488, 0.8241806030273438]","[inf, inf, inf, inf, inf, inf, inf, inf, inf, inf]","[nan, nan, nan, nan, nan, nan, nan, nan, nan, nan]","[0.3035375475883484, 0.3035375475883484, 0.3035375475883484, 0.3035375475883484, 0.30353879928588867, 0.3032892048358917, 0.30309292674064636, 0.30260369181632996, 0.30232346057891846, 0.3027496039867401]"
2,"[0.9999694833531692, 3.0516646830846247e-05]",0.75,"[[1.0, -8.786683793005068e-06], [1.0, 0.2879219651222229]]","[[1.0, 0.0], [0.0, 0.75]]","[[0.999969482421875, 3.0516646802425385e-05], [-3.4730570316314697, 3.473057508468628]]","[[0.9999923708473925, 7.629152607505016e-06], [0.24999240040869708, 0.7500075995913029]]",0.00016545561286956305,2,"[[0.9583073097263419, 0.04169269027365807], [0.04169269027365807, 0.9583073097263419]]",0.25,"[1.0, 0.0]","[0.9208984375, 0.923095703125, 0.9306640625, 0.943359375, 0.955078125, 0.956298828125, 0.950439453125, 0.959228515625, 0.95458984375, 0.961669921875]","[0.7601621150970459, 0.7804495692253113, 0.8102628588676453, 0.8601049780845642, 0.8974875211715698, 0.9053742289543152, 0.9006157517433167, 0.9027234315872192, 0.896051287651062, 0.8988810181617737]","[0.2395065873861313, 0.1881839632987976, 0.14889243245124817, 0.093192458152771, 0.05372598022222519, 0.04228871688246727, 0.03722449764609337, 0.034203942865133286, 0.032751649618148804, 0.03499877452850342]","[0.14571647346019745, 0.11305412650108337, 0.0902889221906662, 0.060597047209739685, 0.04177798703312874, 0.03619448095560074, 0.03179255872964859, 0.027537107467651367, 0.025667741894721985, 0.025159891694784164]","[0.18811360001564026, 0.1679893285036087, 0.14106284081935883, 0.09952974319458008, 0.07600148767232895, 0.07107926905155182, 0.06773258745670319, 0.06481752544641495, 0.0627996027469635, 0.061232954263687134]"
2,"[0.9999694833531692, 3.0516646830846247e-05]",0.75,"[[1.0, -8.786683793005068e-06], [1.0, 0.2879219651222229]]","[[1.0, 0.0], [0.0, 0.75]]","[[0.999969482421875, 3.0516646802425385e-05], [-3.4730570316314697, 3.473057508468628]]","[[0.9999923708473925, 7.629152607505016e-06], [0.24999240040869708, 0.7500075995913029]]",0.00016545561286956305,2,"[[0.8899721355616947, 0.11002786443830526], [0.11002786443830526, 0.8899721355616947]]",0.5,"[1.0, 0.0]","[0.820068359375, 0.823974609375, 0.858642578125, 0.865966796875, 0.888916015625, 0.8876953125, 0.884033203125, 0.88427734375, 0.89208984375, 0.898193359375]","[0.6786882877349854, 0.7088466286659241, 0.7549116015434265, 0.783621072769165, 0.7945491671562195, 0.7867048382759094, 0.7743380069732666, 0.7626269459724426, 0.7608151435852051, 0.7549906373023987]","[0.171492338180542, 0.11159643530845642, 0.07811498641967773, 0.05745233595371246, 0.03511010482907295, 0.02744455076754093, 0.02448946237564087, 0.026209579780697823, 0.027501307427883148, 0.03226089850068092]","[0.1330229938030243, 0.08736401796340942, 0.06933175772428513, 0.057397834956645966, 0.03652041032910347, 0.02709377370774746, 0.02260388433933258, 0.023359593003988266, 0.024228915572166443, 0.027757320553064346]","[0.13592761754989624, 0.11678588390350342, 0.10307835787534714, 0.08919397741556168, 0.07108937948942184, 0.06030779331922531, 0.059583041816949844, 0.06420303881168365, 0.06851311028003693, 0.07452065497636795]"
2,"[0.9999694833531692, 3.0516646830846247e-05]",0.75,"[[1.0, -8.786683793005068e-06], [1.0, 0.2879219651222229]]","[[1.0, 0.0], [0.0, 0.75]]","[[0.999969482421875, 3.0516646802425385e-05], [-3.4730570316314697, 3.473057508468628]]","[[0.9999923708473925, 7.629152607505016e-06], [0.24999240040869708, 0.7500075995913029]]",0.00016545561286956305,2,"[[0.7854982551402111, 0.2145017448597889], [0.2145017448597889, 0.7854982551402111]]",0.75,"[1.0, 0.0]","[0.693359375, 0.70166015625, 0.746337890625, 0.7568359375, 0.79443359375, 0.78759765625, 0.78857421875, 0.777099609375, 0.78857421875, 0.793212890625]","[0.5910563468933105, 0.6149092316627502, 0.6447813510894775, 0.6553808450698853, 0.6686882972717285, 0.6621978282928467, 0.6559910774230957, 0.6419521570205688, 0.6401700973510742, 0.6414166688919067]","[0.13348831236362457, 0.09740957617759705, 0.07394346594810486, 0.05176636576652527, 0.02553527243435383, 0.015187064185738564, 0.010125288739800453, 0.008784877136349678, 0.010747686959803104, 0.012645298615098]","[0.12436940521001816, 0.10112357884645462, 0.08367729932069778, 0.05978354066610336, 0.029822267591953278, 0.0152276661247015, 0.01135733537375927, 0.009673099964857101, 0.011037730611860752, 0.01271800696849823]","[0.12257885932922363, 0.12122415006160736, 0.1110517829656601, 0.09199514985084534, 0.06500035524368286, 0.042535267770290375, 0.045380037277936935, 0.04305052384734154, 0.04603692889213562, 0.04943426325917244]"
2,"[0.9999694833531692, 3.0516646830846247e-05]",0.5,"[[1.0, 3.201041545253247e-05], [1.0, -1.0489171743392944]]","[[1.0, 0.0], [0.0, 0.5]]","[[0.999969482421875, 3.0516646802425385e-05], [0.9533350467681885, -0.9533349275588989]]","[[0.9999847416765917, 1.5258323408317903e-05], [0.49998477101235217, 0.5000152289876478]]",0.00029665598219891573,2,"[[1.0, 0.0], [0.0, 1.0]]",0,"[1.0, 0.0]","[1.0, 1.0, 1.0, 1.0, 1.0, 1.0, 1.0, 0.99951171875, 0.998291015625, 0.998046875]","[0.82421875, 0.82421875, 0.82421875, 0.82421875, 0.8242931365966797, 0.8244695663452148, 0.8247232437133789, 0.8250503540039062, 0.8241500854492188, 0.8237533569335938]","[inf, inf, inf, inf, inf, inf, inf, inf, inf, inf]","[nan, nan, nan, nan, nan, nan, nan, nan, nan, nan]","[0.3035375475883484, 0.3035375475883484, 0.3035375475883484, 0.3035375475883484, 0.3034423589706421, 0.30313020944595337, 0.3026842474937439, 0.3019382059574127, 0.30246031284332275, 0.30283546447753906]"
2,"[0.9999694833531692, 3.0516646830846247e-05]",0.5,"[[1.0, 3.201041545253247e-05], [1.0, -1.0489171743392944]]","[[1.0, 0.0], [0.0, 0.5]]","[[0.999969482421875, 3.0516646802425385e-05], [0.9533350467681885, -0.9533349275588989]]","[[0.9999847416765917, 1.5258323408317903e-05], [0.49998477101235217, 0.5000152289876478]]",0.00029665598219891573,2,"[[0.9583073097263419, 0.04169269027365807], [0.04169269027365807, 0.9583073097263419]]",0.25,"[1.0, 0.0]","[0.9208984375, 0.923095703125, 0.9306640625, 0.943359375, 0.955078125, 0.956298828125, 0.950439453125, 0.959228515625, 0.95458984375, 0.961669921875]","[0.7601621150970459, 0.7804495692253113, 0.8102628588676453, 0.8601049780845642, 0.897520899772644, 0.9053837656974792, 0.9006054997444153, 0.9026671648025513, 0.896023154258728, 0.8989337086677551]","[0.2395065873861313, 0.1881839632987976, 0.14889243245124817, 0.093192458152771, 0.05367862060666084, 0.04229651018977165, 0.03725271672010422, 0.03427008539438248, 0.03279835730791092, 0.034911204129457474]","[0.14571647346019745, 0.11305412650108337, 0.0902889221906662, 0.060597047209739685, 0.04175013676285744, 0.03620981052517891, 0.031813040375709534, 0.027574464678764343, 0.02568984590470791, 0.025105070322752]","[0.18811360001564026, 0.1679893285036087, 0.14106284081935883, 0.09952974319458008, 0.07597590982913971, 0.07109485566616058, 0.0677519366145134, 0.06487581133842468, 0.06280376762151718, 0.06115322560071945]"
2,"[0.9999694833531692, 3.0516646830846247e-05]",0.5,"[[1.0, 3.201041545253247e-05], [1.0, -1.0489171743392944]]","[[1.0, 0.0], [0.0, 0.5]]","[[0.999969482421875, 3.0516646802425385e-05], [0.9533350467681885, -0.9533349275588989]]","[[0.9999847416765917, 1.5258323408317903e-05], [0.49998477101235217, 0.5000152289876478]]",0.00029665598219891573,2,"[[0.8899721355616947, 0.11002786443830526], [0.11002786443830526, 0.8899721355616947]]",0.5,"[1.0, 0.0]","[0.820068359375, 0.823974609375, 0.858642578125, 0.865966796875, 0.888916015625, 0.8876953125, 0.884033203125, 0.88427734375, 0.89208984375, 0.898193359375]","[0.6786882877349854, 0.7088466286659241, 0.7549116015434265, 0.783621072769165, 0.7945968508720398, 0.7867124676704407, 0.774324893951416, 0.7625859379768372, 0.7608141899108887, 0.7550061345100403]","[0.171492338180542, 0.11159643530845642, 0.07811498641967773, 0.05745233595371246, 0.035090602934360504, 0.027437767013907433, 0.024497222155332565, 0.026247547939419746, 0.027488358318805695, 0.03225642815232277]","[0.1330229938030243, 0.08736401796340942, 0.06933175772428513, 0.057397834956645966, 0.036506470292806625, 0.027086321264505386, 0.022610511630773544, 0.023389101028442383, 0.02422066032886505, 0.027757849544286728]","[0.13592761754989624, 0.11678588390350342, 0.10307835787534714, 0.08919397741556168, 0.07107380032539368, 0.060300394892692566, 0.059592943638563156, 0.06423643231391907, 0.06851066648960114, 0.07454344630241394]"
2,"[0.9999694833531692, 3.0516646830846247e-05]",0.5,"[[1.0, 3.201041545253247e-05], [1.0, -1.0489171743392944]]","[[1.0, 0.0], [0.0, 0.5]]","[[0.999969482421875, 3.0516646802425385e-05], [0.9533350467681885, -0.9533349275588989]]","[[0.9999847416765917, 1.5258323408317903e-05], [0.49998477101235217, 0.5000152289876478]]",0.00029665598219891573,2,"[[0.7854982551402111, 0.2145017448597889], [0.2145017448597889, 0.7854982551402111]]",0.75,"[1.0, 0.0]","[0.693359375, 0.70166015625, 0.746337890625, 0.7568359375, 0.79443359375, 0.78759765625, 0.78857421875, 0.777099609375, 0.78857421875, 0.793212890625]","[0.5910563468933105, 0.6149092316627502, 0.6447813510894775, 0.6553808450698853, 0.6686930656433105, 0.6621825695037842, 0.6559967994689941, 0.6419519186019897, 0.640137791633606, 0.6414438486099243]","[0.13348831236362457, 0.09740957617759705, 0.07394346594810486, 0.05176636576652527, 0.025534776970744133, 0.015185294672846794, 0.010129335336387157, 0.008783653378486633, 0.010760858654975891, 0.012644391506910324]","[0.12436940521001816, 0.10112357884645462, 0.08367729932069778, 0.05978354066610336, 0.029822904616594315, 0.015226692892611027, 0.011360441334545612, 0.009675267152488232, 0.011049134656786919, 0.012719625607132912]","[0.12257885932922363, 0.12122415006160736, 0.1110517829656601, 0.09199514985084534, 0.06500463932752609, 0.04252810776233673, 0.0453786700963974, 0.043067581951618195, 0.046049024909734726, 0.0494152195751667]"
